date,locality,state,resolved_locality,resolved_state,resolved_county,fips_code,lat,lon,location,title,event_type,organizations,participants,notables,targets,claims_summary,claims_verbatim,issue_tags_summary,issue_tags_verbatim,issues,valence,conf,macroevent,online,size_text,size_low,size_high,size_mean,size_cat,participant_measures,police_measures,participant_injuries,police_injuries,arrests,property_damage,arrests_any,participant_casualties_any,police_casualties_any,property_damage_any,participant_deaths,police_deaths,notes,source1,source2,source3,source4,source5,source6,source7,source8,source9,source10,source11,source12,source13,source14,source15,source16,source17,source18,source19,source20,source21,source22,source23,source24,source25,source26,source27,source28,source29,source30
2025-10-18,Albuquerque,NM,Albuquerque,NM,Bernalillo County,35001,35.084386,-106.650422,"Central Avenue between 3rd and 8th st, Central Ave SW
","NO KINGS Albuquerque, NM",rally; march,NA,elected officials,Albuquerque Mayor Tim Keller; NM House Speaker Javier Martínez; State Sen. Harold Pope Jr,President Trump,"against President Trump's authoritarian power grabs; against the Trump administration’s deployment of masked federal agents to patrol the streets and terrorize local communities; against targeting immigrant families, profiling, arresting and detaining people without warrants; against threatening to overtake elections; against gutting healthcare, environmental protections, and education when families need them most; against rigging maps to silence voters; against ignoring mass shootings at schools and in communities; against driving up the cost of living while handing out massive giveaways to billionaire allies, as families struggle; against chaos, corruption, and cruelty; against dictatorship; for democracy","No kings, no crowns, we don’t kneel down; the bill of rights is not a suggestion; super callous fragile racist extra braggadocios; no kings; let's dissolve the patriarchy; no faux king way; impeach and remove now; people have the power; democracy doesn't change its stripes; MAGA took my job; remember only you can prevent fascism; resist",corruption; democracy; economy; education; environment; guns; healthcare; immigration; war and peace; presidency; transportation,democracy; economy; labor and workers rights; legislative; war and peace; presidency; racism; women's rights,corruption;democracy;economy;education;environment;guns;healthcare;immigration;labor and workers rights;legislative;presidency;racism;transportation;war and peace;women's rights,1,1,NA,0,17000; 28500; 35000; 40000; 50000; 60000; 70000,17000,50000,33500,4,marched from downtown Santa Fe to the Roundhouse with signs and flags; inflatable costumes; drums; speakers,NA,NA,NA,NA,NA,0,0,0,0,NA,NA,NA,www.mobilize.us,www.nokings.org,sourcenm.com,sourcenm.com,www.abqjournal.com,www.facebook.com,www.mapchecking.com,correspondence,NA,NA,NA,NA,NA,NA,NA,NA,NA,NA,NA,NA,NA,NA,NA,NA,NA,NA,NA,NA,NA,NA
2025-10-18,Reno,NV,Reno,NV,Washoe County,32031,39.529919,-119.8142691,"Bruce R. Thompson Courthouse and Federal Building, 400 S Virginia St
",NO KINGS Northern Nevada,demonstration; rally; march,NA,elected officials,state assemblymember Erica Roth,President Trump,"against President Trump's authoritarian power grabs; against the Trump administration’s deployment of masked federal agents to patrol the streets and terrorize local communities; against targeting immigrant families, profiling, arresting and detaining people without warrants; against threatening to overtake elections; against gutting healthcare, environmental protections, and education when families need them most; against rigging maps to silence voters; against ignoring mass shootings at schools and in communities; against driving up the cost of living while handing out massive giveaways to billionaire allies, as families struggle; against chaos, corruption, and cruelty; against dictatorship; for democracy","the bigger the ballroom, the smaller the dictator",corruption; democracy; economy; education; environment; guns; healthcare; immigration; war and peace; presidency; transportation,democracy; war and peace,corruption;democracy;economy;education;environment;guns;healthcare;immigration;presidency;transportation;war and peace,1,1,NA,0,18000; 30000,18000,30000,24000,4,marched through downtown Reno with signs and flags; inflatable costumes; chanting; live music; bullhorns; speakers; one protester demonstrated topless to bring attention to women's rights under the Trump adminstration,NA,NA,NA,1,NA,1,0,0,0,NA,NA,one arrest was reported by the Reno Police Department concerning a participant at the event with an outstanding felony and misdemeanor warrant,www.mobilize.us,www.nokings.org,bsky.app,bsky.app,bsky.app,www.rgj.com,www.kolotv.com,www.reddit.com,www.youtube.com,nevadasagebrush.com,thisisreno.com,www.2news.com,mynews4.com,correspondence,NA,NA,NA,NA,NA,NA,NA,NA,NA,NA,NA,NA,NA,NA,NA,NA
2025-10-18,Geneva,IL,Geneva,IL,Kane County,17089,41.892644,-88.32879,"Gleneagle Drive & Randall Road
","NO KINGS GENEVA, IL",demonstration,NA,seniors,NA,President Trump,"against President Trump's authoritarian power grabs; against the Trump administration’s deployment of masked federal agents to patrol the streets and terrorize local communities; against targeting immigrant families, profiling, arresting and detaining people without warrants; against threatening to overtake elections; against gutting healthcare, environmental protections, and education when families need them most; against rigging maps to silence voters; against ignoring mass shootings at schools and in communities; against driving up the cost of living while handing out massive giveaways to billionaire allies, as families struggle; against chaos, corruption, and cruelty; against dictatorship; for democracy",proud antifa; release the Epstein files; protejamos a nuestros vecinos; my grandpa and his shipmates were antifa / he died fighting fascism; USA! USA!; pro America anti Trump,corruption; democracy; economy; education; environment; guns; healthcare; immigration; war and peace; presidency; transportation,democracy; war and peace; presidency,corruption;democracy;economy;education;environment;guns;healthcare;immigration;presidency;transportation;war and peace,1,1,20251018-GeneseoNY-nokings,0,around 10000,10000,10000,10000,4,chanted,NA,NA,NA,NA,NA,0,0,0,0,NA,NA,NA,www.mobilize.us,www.nokings.org,www.facebook.com,www.shawlocal.com,www.facebook.com,NA,NA,NA,NA,NA,NA,NA,NA,NA,NA,NA,NA,NA,NA,NA,NA,NA,NA,NA,NA,NA,NA,NA,NA,NA
2025-10-18,Grand Rapids,MI,Grand Rapids,MI,Kent County,26081,42.96336,-85.668086,"Rosa Parks Circle, 135 Monroe Center St NW
","NO KINGS City of Grand Rapids, MI",demonstration; march,Grand Rapids Coalition to Oppose Trump; Grace Episcopal Church in Grand Rapids,clergy members,NA,President Trump,"against President Trump's authoritarian power grabs; against the Trump administration’s deployment of masked federal agents to patrol the streets and terrorize local communities; against targeting immigrant families, profiling, arresting and detaining people without warrants; against threatening to overtake elections; against gutting healthcare, environmental protections, and education when families need them most; against rigging maps to silence voters; against ignoring mass shootings at schools and in communities; against driving up the cost of living while handing out massive giveaways to billionaire allies, as families struggle; against chaos, corruption, and cruelty; against dictatorship; for democracy",love sees family / fear sees foes; God sides with the oppressed,corruption; democracy; economy; education; environment; guns; healthcare; immigration; war and peace; presidency; transportation,war and peace; religion,corruption;democracy;economy;education;environment;guns;healthcare;immigration;presidency;religion;transportation;war and peace,1,1,NA,0,nine to ten thousands,9000,10000,9500,3,marched past major landmarks; prayed; wore inflatable suits,NA,NA,NA,NA,NA,0,0,0,0,NA,NA,NA,www.mobilize.us,www.nokings.org,www.wzzm13.com,www.reddit.com,NA,NA,NA,NA,NA,NA,NA,NA,NA,NA,NA,NA,NA,NA,NA,NA,NA,NA,NA,NA,NA,NA,NA,NA,NA,NA
2025-10-18,Tallahassee,FL,Tallahassee,FL,Leon County,12073,30.4381828,-84.2806235,"400 S Monroe St
",NO KINGS Tallahassee,demonstration,NA,NA,NA,President Trump,"against President Trump's authoritarian power grabs; against the Trump administration’s deployment of masked federal agents to patrol the streets and terrorize local communities; against targeting immigrant families, profiling, arresting and detaining people without warrants; against threatening to overtake elections; against gutting healthcare, environmental protections, and education when families need them most; against rigging maps to silence voters; against ignoring mass shootings at schools and in communities; against driving up the cost of living while handing out massive giveaways to billionaire allies, as families struggle; against chaos, corruption, and cruelty; against dictatorship; for democracy",Make Orwell and Atwell fiction again,corruption; democracy; economy; education; environment; guns; healthcare; immigration; war and peace; presidency; transportation,war and peace,corruption;democracy;economy;education;environment;guns;healthcare;immigration;presidency;transportation;war and peace,1,1,NA,0,several thousand-7500; more than 1000; thousands; 7500,7500,7500,7500,3,held signs and waved flags; listened to speakers; chanted,NA,NA,NA,NA,NA,0,0,0,0,NA,NA,NA,www.mobilize.us,www.nokings.org,floridaphoenix.com,www.tallahassee.com,fightbacknews.org,bsky.app,NA,NA,NA,NA,NA,NA,NA,NA,NA,NA,NA,NA,NA,NA,NA,NA,NA,NA,NA,NA,NA,NA,NA,NA
2025-10-18,Ferndale,MI,Ferndale,MI,Oakland County,26125,42.460592,-83.134648,Woodward Ave & E 9 Mile Rd,"NO KINGS FERNDALE, MI",demonstration,NA,NA,NA,President Trump,"against President Trump's authoritarian power grabs; against the Trump administration’s deployment of masked federal agents to patrol the streets and terrorize local communities; against targeting immigrant families, profiling, arresting and detaining people without warrants; against threatening to overtake elections; against gutting healthcare, environmental protections, and education when families need them most; against rigging maps to silence voters; against ignoring mass shootings at schools and in communities; against driving up the cost of living while handing out massive giveaways to billionaire allies, as families struggle; against chaos, corruption, and cruelty; against dictatorship; for democracy",the only orange monarch I want;,corruption; democracy; economy; education; environment; guns; healthcare; immigration; war and peace; presidency; transportation,war and peace,corruption;democracy;economy;education;environment;guns;healthcare;immigration;presidency;transportation;war and peace,1,1,NA,0,nearly 6000,6000,6000,6000,3,protested along roadside with signs and costumes; held flags,NA,NA,NA,NA,NA,0,0,0,0,NA,NA,NA,www.mobilize.us,www.nokings.org,www.detroitnews.com,www.facebook.com,www.youtube.com,bsky.app,NA,NA,NA,NA,NA,NA,NA,NA,NA,NA,NA,NA,NA,NA,NA,NA,NA,NA,NA,NA,NA,NA,NA,NA
2025-10-18,Williamsburg,VA,Williamsburg,VA,NA,51830,37.2707022,-76.7074571,"Williamsburg James City County Courthouse, 5201 Monticello Ave
","NO KINGS 2, WILLIAMSBURG, VA",demonstration,NA,NA,NA,President Trump,"against President Trump's authoritarian power grabs; against the Trump administration’s deployment of masked federal agents to patrol the streets and terrorize local communities; against targeting immigrant families, profiling, arresting and detaining people without warrants; against threatening to overtake elections; against gutting healthcare, environmental protections, and education when families need them most; against rigging maps to silence voters; against ignoring mass shootings at schools and in communities; against driving up the cost of living while handing out massive giveaways to billionaire allies, as families struggle; against chaos, corruption, and cruelty; against dictatorship; for democracy",Foxtrot Delta Tango!,corruption; democracy; economy; education; environment; guns; healthcare; immigration; war and peace; presidency; transportation,war and peace,corruption;democracy;economy;education;environment;guns;healthcare;immigration;presidency;transportation;war and peace,1,1,NA,0,6000,6000,6000,6000,3,demonstrated along street with signs and flags; costumes; speeches,NA,NA,NA,NA,NA,0,0,0,0,NA,NA,NA,www.mobilize.us,www.nokings.org,www.whro.org,www.facebook.com,www.facebook.com,www.facebook.com,correspondence,NA,NA,NA,NA,NA,NA,NA,NA,NA,NA,NA,NA,NA,NA,NA,NA,NA,NA,NA,NA,NA,NA,NA
2025-10-18,Akron,OH,Akron,OH,Summit County,39153,41.081445,-81.519005,"John F. Seiberling Federal Building and United States Courthouse, 2 S Main St
",NO KINGS AKRON,demonstration,NA,NA,NA,President Trump,"against President Trump's authoritarian power grabs; against the Trump administration’s deployment of masked federal agents to patrol the streets and terrorize local communities; against targeting immigrant families, profiling, arresting and detaining people without warrants; against threatening to overtake elections; against gutting healthcare, environmental protections, and education when families need them most; against rigging maps to silence voters; against ignoring mass shootings at schools and in communities; against driving up the cost of living while handing out massive giveaways to billionaire allies, as families struggle; against chaos, corruption, and cruelty; against dictatorship; for democracy",Palestine flag; USA flag; Progress Pride flag,corruption; democracy; economy; education; environment; guns; healthcare; immigration; war and peace; presidency; transportation,foreign affairs; war and peace; patriotism,corruption;democracy;economy;education;environment;foreign affairs;guns;healthcare;immigration;patriotism;presidency;transportation;war and peace,1,1,NA,0,"about 4,000",4000,4000,4000,3,demonstrated with signs and flags; costumes; music; dance,NA,NA,NA,NA,NA,0,0,0,0,NA,NA,NA,www.mobilize.us,www.nokings.org,bsky.app,bsky.app,bsky.app,bsky.app,bsky.app,signalakron.org,www.facebook.com,www.instagram.com,NA,NA,NA,NA,NA,NA,NA,NA,NA,NA,NA,NA,NA,NA,NA,NA,NA,NA,NA,NA
2025-10-18,Wilmington,DE,Wilmington,DE,New Castle County,10003,39.744655,-75.5483909,"North Bancroft Parkway & Delaware Avenue
",NO KINGS Wilmington (Delaware),demonstration,NA,NA,Sen. Dan Cruce; Lt. Gov. Kyle Evans Gay; Wilmington city councilperson Coby Owens;,President Trump,"against President Trump's authoritarian power grabs; against the Trump administration’s deployment of masked federal agents to patrol the streets and terrorize local communities; against targeting immigrant families, profiling, arresting and detaining people without warrants; against threatening to overtake elections; against gutting healthcare, environmental protections, and education when families need them most; against rigging maps to silence voters; against ignoring mass shootings at schools and in communities; against driving up the cost of living while handing out massive giveaways to billionaire allies, as families struggle; against chaos, corruption, and cruelty; against dictatorship; for democracy",For the Epsteinth time: no kings,corruption; democracy; economy; education; environment; guns; healthcare; immigration; war and peace; presidency; transportation,war and peace,corruption;democracy;economy;education;environment;guns;healthcare;immigration;presidency;transportation;war and peace,1,1,NA,0,more than the 3000,3000,3000,3000,3,speeches; signs and flags; costumes; public oath taking,NA,NA,NA,NA,NA,0,0,0,0,NA,NA,NA,www.mobilize.us,www.nokings.org,bsky.app,www.instagram.com,www.delawareonline.com,www.wdel.com,bsky.app,bsky.app,bsky.app,NA,NA,NA,NA,NA,NA,NA,NA,NA,NA,NA,NA,NA,NA,NA,NA,NA,NA,NA,NA,NA
2025-10-18,Mentor,OH,Mentor,OH,Lake County,39085,41.666157,-81.339552,"Great Lakes Mall, 7850 Mentor Ave 250
","NO KINGS Mentor, Ohio",demonstration,NA,NA,NA,President Trump,"against President Trump's authoritarian power grabs; against the Trump administration’s deployment of masked federal agents to patrol the streets and terrorize local communities; against targeting immigrant families, profiling, arresting and detaining people without warrants; against threatening to overtake elections; against gutting healthcare, environmental protections, and education when families need them most; against rigging maps to silence voters; against ignoring mass shootings at schools and in communities; against driving up the cost of living while handing out massive giveaways to billionaire allies, as families struggle; against chaos, corruption, and cruelty; against dictatorship; for democracy",dear Satan come and get your child / he is out of control; keep the immigrants / deport the racists,corruption; democracy; economy; education; environment; guns; healthcare; immigration; war and peace; presidency; transportation,immigration; war and peace; racism; religion,corruption;democracy;economy;education;environment;guns;healthcare;immigration;presidency;racism;religion;transportation;war and peace,1,1,NA,0,2000-3000,2000,3000,2500,3,NA,NA,NA,NA,NA,NA,0,0,0,0,NA,NA,NA,www.mobilize.us,www.nokings.org,www.facebook.com,www.facebook.com,www.reddit.com,NA,NA,NA,NA,NA,NA,NA,NA,NA,NA,NA,NA,NA,NA,NA,NA,NA,NA,NA,NA,NA,NA,NA,NA,NA
2025-10-18,Glastonbury,CT,Glastonbury,CT,Hartford County,9003,41.686179,-72.545078,"Glastonbury Town Hall, 2155 Main St
","NO KINGS Glastonbury, CT",demonstration,NA,NA,NA,President Trump,"against President Trump's authoritarian power grabs; against the Trump administration’s deployment of masked federal agents to patrol the streets and terrorize local communities; against targeting immigrant families, profiling, arresting and detaining people without warrants; against threatening to overtake elections; against gutting healthcare, environmental protections, and education when families need them most; against rigging maps to silence voters; against ignoring mass shootings at schools and in communities; against driving up the cost of living while handing out massive giveaways to billionaire allies, as families struggle; against chaos, corruption, and cruelty; against dictatorship; for democracy",we the people resist; hate has no home here; no kings no hate; peace freedom justice humanity  for all; thats my Constitution you are trampling on; freedom over tyranny,corruption; democracy; economy; education; environment; guns; healthcare; immigration; war and peace; presidency; transportation,civil rights; war and peace; racism,civil rights;corruption;democracy;economy;education;environment;guns;healthcare;immigration;presidency;racism;transportation;war and peace,1,1,NA,0,2300; 2500,2300,2500,2400,3,NA,NA,NA,NA,NA,NA,0,0,0,0,NA,NA,NA,www.mobilize.us,www.nokings.org,www.facebook.com,www.facebook.com,correspondence,NA,NA,NA,NA,NA,NA,NA,NA,NA,NA,NA,NA,NA,NA,NA,NA,NA,NA,NA,NA,NA,NA,NA,NA,NA
2025-10-18,Gig Harbor,WA,Gig Harbor,WA,Pierce County,53053,47.329264,-122.580129,"Point Fosdick Drive & Olympic Drive
",NO KINGS Gig Harbor,demonstration,NA,NA,NA,President Trump,"against President Trump's authoritarian power grabs; against the Trump administration’s deployment of masked federal agents to patrol the streets and terrorize local communities; against targeting immigrant families, profiling, arresting and detaining people without warrants; against threatening to overtake elections; against gutting healthcare, environmental protections, and education when families need them most; against rigging maps to silence voters; against ignoring mass shootings at schools and in communities; against driving up the cost of living while handing out massive giveaways to billionaire allies, as families struggle; against chaos, corruption, and cruelty; against dictatorship; for democracy",keep religious out of politics; I'd rather be an American than a Trump supporter; are we great yet cause I just feel embarrassed; make America kind again; Congress use your power / impeach now; democratic leaders don't fear protests dictators do; I like my democracy neat / no ICE; kindness cant sit down simply because anger has stood up,corruption; democracy; economy; education; environment; guns; healthcare; immigration; war and peace; presidency; transportation,democracy; immigration; legislative; war and peace; presidency; religion,corruption;democracy;economy;education;environment;guns;healthcare;immigration;legislative;presidency;religion;transportation;war and peace,1,1,NA,0,at least 2000,2000,2000,2000,3,NA,NA,NA,NA,NA,NA,0,0,0,0,NA,NA,NA,www.mobilize.us,www.nokings.org,www.instagram.com,www.gigharbornow.org,NA,NA,NA,NA,NA,NA,NA,NA,NA,NA,NA,NA,NA,NA,NA,NA,NA,NA,NA,NA,NA,NA,NA,NA,NA,NA
2025-10-18,Golden Valley,MN,Golden Valley,MN,Hennepin County,27053,44.9917149,-93.3600034,"Golden Valley Shopping Center, Highway 55 & Winnetka Avenue North
",NO KINGS Golden Valley,demonstration,NA,NA,NA,President Trump,"against President Trump's authoritarian power grabs; against the Trump administration’s deployment of masked federal agents to patrol the streets and terrorize local communities; against targeting immigrant families, profiling, arresting and detaining people without warrants; against threatening to overtake elections; against gutting healthcare, environmental protections, and education when families need them most; against rigging maps to silence voters; against ignoring mass shootings at schools and in communities; against driving up the cost of living while handing out massive giveaways to billionaire allies, as families struggle; against chaos, corruption, and cruelty; against dictatorship; for democracy",I love America I just hate Trump; patriotism inst bs in a ed cap / no kings; this is what democracy looks like; Rainbow Pride flag; Transgender Pride flag; this sequel is worse than home alon 2,corruption; democracy; economy; education; environment; guns; healthcare; immigration; war and peace; presidency; transportation,democracy; education; lgbtqia; war and peace; patriotism; presidency; racism,corruption;democracy;economy;education;environment;guns;healthcare;immigration;lgbtqia;patriotism;presidency;racism;transportation;war and peace,1,1,NA,0,thousands,2000,2000,2000,3,dressed as inflatable animals,NA,NA,NA,NA,NA,0,0,0,0,NA,NA,NA,www.mobilize.us,www.nokings.org,www.facebook.com,www.facebook.com,NA,NA,NA,NA,NA,NA,NA,NA,NA,NA,NA,NA,NA,NA,NA,NA,NA,NA,NA,NA,NA,NA,NA,NA,NA,NA
2025-10-18,Los Angeles,CA,Los Angeles,CA,Los Angeles County,6037,34.052234,-118.243685,12051 Ventura Blvd,Fight The Trump Takeover Rally,demonstration,Studio City Rising,NA,NA,President Trump,against the redrawing of electoral maps in Texas and other states; against the Republican redistricting plans; against the Trump adminstration's attempts to steal the 2026 election by rigging the system and changing electoral maps,No Kings; Defend Democracy; Refuse Fascism,democracy; war and peace; presidency,democracy; war and peace,democracy;presidency;war and peace,1,1,NA,0,thousands,2000,2000,2000,3,NA,NA,NA,NA,NA,NA,0,0,0,0,NA,NA,"every Saturday since April, 2025",www.mobilize.us,www.upi.com,www.dailynews.com,www.facebook.com,www.youtube.com,www.instagram.com,NA,NA,NA,NA,NA,NA,NA,NA,NA,NA,NA,NA,NA,NA,NA,NA,NA,NA,NA,NA,NA,NA,NA,NA
2025-10-18,McKinney,TX,McKinney,TX,Collin County,48085,33.198339,-96.638934,"2025 N Central Expy
",NO KINGS Mckinney 2.0,demonstration,Collin County Democratic Party,NA,NA,President Trump,"against President Trump's authoritarian power grabs; against the Trump administration’s deployment of masked federal agents to patrol the streets and terrorize local communities; against targeting immigrant families, profiling, arresting and detaining people without warrants; against threatening to overtake elections; against gutting healthcare, environmental protections, and education when families need them most; against rigging maps to silence voters; against ignoring mass shootings at schools and in communities; against driving up the cost of living while handing out massive giveaways to billionaire allies, as families struggle; against chaos, corruption, and cruelty; against dictatorship; for democracy",due process / the rule of law,corruption; democracy; economy; education; environment; guns; healthcare; immigration; war and peace; presidency; transportation,democracy; legislative; war and peace,corruption;democracy;economy;education;environment;guns;healthcare;immigration;legislative;presidency;transportation;war and peace,1,1,NA,0,thousands,2000,2000,2000,3,NA,NA,NA,NA,NA,NA,0,0,0,0,NA,NA,NA,www.mobilize.us,www.nokings.org,www.keranews.org,NA,NA,NA,NA,NA,NA,NA,NA,NA,NA,NA,NA,NA,NA,NA,NA,NA,NA,NA,NA,NA,NA,NA,NA,NA,NA,NA
2025-10-18,Medford,OR,Medford,OR,Jackson County,41029,42.326515,-122.875595,"1320 E McAndrews Rd
",NO KINGS Medford Oregon,demonstration,NA,NA,NA,President Trump,"against President Trump's authoritarian power grabs; against the Trump administration’s deployment of masked federal agents to patrol the streets and terrorize local communities; against targeting immigrant families, profiling, arresting and detaining people without warrants; against threatening to overtake elections; against gutting healthcare, environmental protections, and education when families need them most; against rigging maps to silence voters; against ignoring mass shootings at schools and in communities; against driving up the cost of living while handing out massive giveaways to billionaire allies, as families struggle; against chaos, corruption, and cruelty; against dictatorship; for democracy",make Orwell fiction again,corruption; democracy; economy; education; environment; guns; healthcare; immigration; war and peace; presidency; transportation,war and peace,corruption;democracy;economy;education;environment;guns;healthcare;immigration;presidency;transportation;war and peace,1,1,NA,0,2000; thousands,2000,2000,2000,3,NA,NA,NA,NA,NA,NA,0,0,0,0,NA,NA,NA,www.mobilize.us,www.nokings.org,www.facebook.com,www.facebook.com,NA,NA,NA,NA,NA,NA,NA,NA,NA,NA,NA,NA,NA,NA,NA,NA,NA,NA,NA,NA,NA,NA,NA,NA,NA,NA
2025-10-18,Montclair,NJ,Montclair,NJ,Essex County,34013,40.825901,-74.209005,Brookdale Park Tennis Center,NO KINGS Montclair Area,demonstration,NA,elected officials,Sen. Andy Kim; Rep. Mikie Sherrill,President Trump,"against President Trump's authoritarian power grabs; against the Trump administration’s deployment of masked federal agents to patrol the streets and terrorize local communities; against targeting immigrant families, profiling, arresting and detaining people without warrants; against threatening to overtake elections; against gutting healthcare, environmental protections, and education when families need them most; against rigging maps to silence voters; against ignoring mass shootings at schools and in communities; against driving up the cost of living while handing out massive giveaways to billionaire allies, as families struggle; against chaos, corruption, and cruelty; against dictatorship; for democracy",no kings / we will fire you,corruption; democracy; economy; education; environment; guns; healthcare; immigration; war and peace; presidency; transportation,war and peace,corruption;democracy;economy;education;environment;guns;healthcare;immigration;presidency;transportation;war and peace,1,1,NA,0,thousands,2000,2000,2000,3,NA,NA,NA,NA,NA,NA,0,0,0,0,NA,NA,Brookdale Park is right on the border of Montclair and Bloomfield towns,www.mobilize.us,www.instagram.com,patch.com,NA,NA,NA,NA,NA,NA,NA,NA,NA,NA,NA,NA,NA,NA,NA,NA,NA,NA,NA,NA,NA,NA,NA,NA,NA,NA,NA
2025-10-18,Monticello,NY,Monticello,NY,Sullivan County,36105,41.655647,-74.689328,"Broadway & Jefferson Street
","NO KINGS Monticello, New York",demonstration,NA,NA,NA,President Trump,"against President Trump's authoritarian power grabs; against the Trump administration’s deployment of masked federal agents to patrol the streets and terrorize local communities; against targeting immigrant families, profiling, arresting and detaining people without warrants; against threatening to overtake elections; against gutting healthcare, environmental protections, and education when families need them most; against rigging maps to silence voters; against ignoring mass shootings at schools and in communities; against driving up the cost of living while handing out massive giveaways to billionaire allies, as families struggle; against chaos, corruption, and cruelty; against dictatorship; for democracy",hands off the broligarchs,corruption; democracy; economy; education; environment; guns; healthcare; immigration; war and peace; presidency; transportation,economy; war and peace,corruption;democracy;economy;education;environment;guns;healthcare;immigration;presidency;transportation;war and peace,1,1,NA,0,roughly 2000,2000,2000,2000,3,NA,presence,NA,NA,NA,NA,0,0,0,0,NA,NA,NA,www.mobilize.us,www.nokings.org,www.instagram.com,NA,NA,NA,NA,NA,NA,NA,NA,NA,NA,NA,NA,NA,NA,NA,NA,NA,NA,NA,NA,NA,NA,NA,NA,NA,NA,NA
2025-10-18,Mount Lebanon Township,PA,NA,PA,Allegheny County,42003,40.3869544,-80.0438199,Morgan Dr & Greenhurst Dr,NO KINGS South Hills Pittsburgh,demonstration,NA,NA,NA,President Trump,"against President Trump's authoritarian power grabs; against the Trump administration’s deployment of masked federal agents to patrol the streets and terrorize local communities; against targeting immigrant families, profiling, arresting and detaining people without warrants; against threatening to overtake elections; against gutting healthcare, environmental protections, and education when families need them most; against rigging maps to silence voters; against ignoring mass shootings at schools and in communities; against driving up the cost of living while handing out massive giveaways to billionaire allies, as families struggle; against chaos, corruption, and cruelty; against dictatorship; for democracy",fight for those without your privilege; I pray that Big Beautiful Bill will bc the name of Trump's cellmate in prison; frog against fascism,corruption; democracy; economy; education; environment; guns; healthcare; immigration; war and peace; presidency; transportation,criminal justice; democracy; legislative; war and peace; presidency; religion,corruption;criminal justice;democracy;economy;education;environment;guns;healthcare;immigration;legislative;presidency;religion;transportation;war and peace,1,1,NA,0,about 2000,2000,2000,2000,3,NA,NA,NA,NA,NA,NA,0,0,0,0,NA,NA,NA,www.mobilize.us,www.nokings.org,www.unionprogress.com,www.facebook.com,NA,NA,NA,NA,NA,NA,NA,NA,NA,NA,NA,NA,NA,NA,NA,NA,NA,NA,NA,NA,NA,NA,NA,NA,NA,NA
2025-10-18,Santa Fe,NM,Santa Fe,NM,Santa Fe County,35049,35.6869752,-105.937799,"New Mexico State Capitol, 490 Old Santa Fe Trail
",NO KINGS SANTA FE,demonstration,NA,NA,NA,President Trump,"against President Trump's authoritarian power grabs; against the Trump administration’s deployment of masked federal agents to patrol the streets and terrorize local communities; against targeting immigrant families, profiling, arresting and detaining people without warrants; against threatening to overtake elections; against gutting healthcare, environmental protections, and education when families need them most; against rigging maps to silence voters; against ignoring mass shootings at schools and in communities; against driving up the cost of living while handing out massive giveaways to billionaire allies, as families struggle; against chaos, corruption, and cruelty; against dictatorship; for democracy",My dad was Antifa in WWII. I am Antifa now,corruption; democracy; economy; education; environment; guns; healthcare; immigration; war and peace; presidency; transportation,war and peace,corruption;democracy;economy;education;environment;guns;healthcare;immigration;presidency;transportation;war and peace,1,1,NA,0,thousands,2000,2000,2000,3,NA,NA,NA,NA,NA,NA,0,0,0,0,NA,NA,NA,www.mobilize.us,www.nokings.org,sourcenm.com,NA,NA,NA,NA,NA,NA,NA,NA,NA,NA,NA,NA,NA,NA,NA,NA,NA,NA,NA,NA,NA,NA,NA,NA,NA,NA,NA
